,image,category
0,1007700.jpg,4
1,1011369.jpg,4
2,1051155.jpg,4
3,1062001.jpg,2
4,1069397.jpg,4
5,1072861.jpg,4
6,1097264.jpg,4
7,1098763.jpg,2
8,1098766.jpg,2
9,1101145.jpg,4
10,1114371.jpg,4
11,1114781.jpg,4
12,1115492.jpg,4
13,1121306.jpg,4
14,1123736.jpg,2
15,1124946.jpg,2
16,1125700.jpg,4
17,1127236.jpg,2
18,1127336.jpg,2
19,1130300.jpg,4
20,1131990.jpg,2
21,1141996.jpg,4
22,1145082.jpg,2
23,1153400.jpg,4
24,1162763.jpg,4
25,1162764.jpg,4
26,1162765.jpg,4
27,1163874.jpg,4
28,1174623.jpg,4
29,1185778.jpg,4
30,1186207.jpg,4
31,1193420.jpg,4
32,1203926.jpg,4
33,1228622.jpg,4
34,1229806.jpg,4
35,1243717.jpg,4
36,1244690.jpg,4
37,1244768.jpg,4
38,1250078.jpg,4
39,1250085.jpg,4
40,1252407.jpg,2
41,1260394.jpg,4
42,1263061.jpg,4
43,1263459.jpg,4
44,1289223.jpg,2
45,1289225.jpg,2
46,1296498.jpg,4
47,1311396.jpg,4
48,1314965.jpg,4
49,1324036.jpg,4
50,1334848.jpg,2
51,1334855.jpg,2
52,1342277.jpg,4
53,1345016.jpg,4
54,1352852.jpg,4
55,1359851.jpg,4
56,1368439.jpg,4
57,1382476.jpg,4
58,1386041.jpg,2
59,1396598.jpg,4
60,1400085.jpg,4
61,1400092.jpg,4
62,1412936.jpg,4
63,1414715.jpg,4
64,1414770.jpg,4
65,1416997.jpg,4
66,1417878.jpg,4
67,1419049.jpg,2
68,1419637.jpg,2
69,1436973.jpg,4
70,1438737.jpg,2
71,1438739.jpg,2
72,1440259.jpg,4
73,1440681.jpg,4
74,1444369.jpg,1
75,1445493.jpg,4
76,1447326.jpg,4
77,1458560.jpg,4
78,1467289.jpg,2
79,1488268.jpg,2
80,1489241.jpg,4
81,1495100.jpg,2
82,1498652.jpg,2
83,1504422.jpg,4
84,1514473.jpg,4
85,1527871.jpg,4
86,1530484.jpg,4
87,1539121.jpg,4
88,1545305.jpg,4
89,1547779.jpg,4
90,1548062.jpg,4
91,1548618.jpg,4
92,1556518.jpg,4
93,1557652.jpg,4
94,1557671.jpg,4
95,1564564.jpg,4
96,1566197.jpg,4
97,1569560.jpg,4
98,1574789.jpg,4
99,1585023.jpg,4
100,1585259.jpg,4
101,1588430.jpg,4
102,1603686.jpg,4
103,1603850.jpg,4
104,1609336.jpg,2
105,1609535.jpg,4
106,1613150.jpg,4
107,1615494.jpg,4
108,1617392.jpg,4
109,1630950.jpg,4
110,1634254.jpg,4
111,1637858.jpg,4
112,1641483.jpg,4
113,1641487.jpg,4
114,1641596.jpg,4
115,1642121.jpg,4
116,1643117.jpg,4
117,1645622.jpg,4
118,1651007.jpg,4
119,1651833.jpg,4
120,1652226.jpg,4
121,1652674.jpg,4
122,1653343.jpg,4
123,1653945.jpg,2
124,1672063.jpg,4
125,1672126.jpg,4
126,1689339.jpg,4
127,1689358.jpg,2
128,1689412.jpg,2
129,1694521.jpg,2
130,1694762.jpg,4
131,1697452.jpg,4
132,1703091.jpg,4
133,1703441.jpg,4
134,1713559.jpg,4
135,1718156.jpg,4
136,1721331.jpg,4
137,1722700.jpg,4
138,1728153.jpg,4
139,1736132.jpg,2
140,1737175.jpg,4
141,1771316.jpg,4
142,1775181.jpg,4
143,1778222.jpg,4
144,1781636.jpg,4
145,1783433.jpg,2
146,1784057.jpg,4
147,1796007.jpg,4
148,1796428.jpg,4
149,1797133.jpg,4
150,1798175.jpg,4
151,1798818.jpg,4
152,1798868.jpg,4
153,1801042.jpg,4
154,1809831.jpg,2
155,1810516.jpg,2
156,1817270.jpg,2
157,1826311.jpg,4
158,1831434.jpg,4
159,1831988.jpg,4
160,1833263.jpg,4
161,1833418.jpg,4
162,1836188.jpg,4
163,1837446.jpg,4
164,1865955.jpg,4
165,1866270.jpg,2
166,1868580.jpg,4
167,1868917.jpg,4
168,1872455.jpg,2
169,1873382.jpg,4
170,1874363.jpg,4
171,1875887.jpg,4
172,1879729.jpg,4
173,1882244.jpg,4
174,1882755.jpg,1
175,1884624.jpg,4
176,1892832.jpg,2
177,1893078.jpg,4
178,1893465.jpg,4
179,1893492.jpg,4
180,1895863.jpg,4
181,1896150.jpg,4
182,1896283.jpg,4
183,1899080.jpg,4
184,1901619.jpg,4
185,1901834.jpg,4
186,1903348.jpg,4
187,1903824.jpg,4
188,1904107.jpg,4
189,1905561.jpg,4
190,1905582.jpg,2
191,1905583.jpg,2
192,1915448.jpg,4
193,1920587.jpg,2
194,1935958.jpg,4
195,1936086.jpg,4
196,1940395.jpg,4
197,1942198.jpg,2
198,1943575.jpg,4
199,1951775.jpg,4
200,1958103.jpg,4
201,1972148.jpg,2
202,1980440.jpg,4
203,1982219.jpg,4
204,1991236.jpg,4
205,2002178.jpg,2
206,2004193.jpg,2
207,2006104.jpg,4
208,2008187.jpg,4
209,2010304.jpg,2
210,2012365.jpg,2
211,2016356.jpg,4
212,2022166.jpg,4
213,2023086.jpg,2
214,2030588.jpg,4
215,2031805.jpg,4
216,2032158.jpg,4
217,2034169.jpg,4
218,2035502.jpg,4
219,2038316.jpg,2
220,2041039.jpg,2
221,2042418.jpg,4
222,2046476.jpg,2
223,2049637.jpg,2
224,2060547.jpg,2
225,2062572.jpg,2
226,2064877.jpg,2
227,2065897.jpg,4
228,2066022.jpg,4
229,2074215.jpg,2
230,2080062.jpg,4
231,2080311.jpg,2
232,2080583.jpg,4
233,2080801.jpg,2
234,2087688.jpg,4
235,2091937.jpg,2
236,2095187.jpg,2
237,2095371.jpg,2
238,2097231.jpg,2
239,2100131.jpg,4
240,2102360.jpg,2
241,2109959.jpg,2
242,2118076.jpg,4
243,2122069.jpg,2
244,2122560.jpg,4
245,2127813.jpg,2
246,2128735.jpg,4
247,2129132.jpg,2
248,2131397.jpg,3
249,2132222.jpg,2
250,2139689.jpg,4
251,2143199.jpg,2
252,2143209.jpg,2
253,2145067.jpg,4
254,2145684.jpg,2
255,2147837.jpg,2
256,2149646.jpg,4
257,2154234.jpg,2
258,2156459.jpg,4
259,2158882.jpg,2
260,2159094.jpg,2
261,2160804.jpg,2
262,2160806.jpg,2
263,2160809.jpg,2
264,2165627.jpg,4
265,2168636.jpg,4
266,2170813.jpg,4
267,2175708.jpg,2
268,2175711.jpg,2
269,2180725.jpg,2
270,2181348.jpg,2
271,2181985.jpg,2
272,2182983.jpg,2
273,2183166.jpg,2
274,2188103.jpg,4
275,2190460.jpg,4
276,2195851.jpg,2
277,2202001.jpg,2
278,2204759.jpg,4
279,2206376.jpg,2
280,2208112.jpg,2
281,2208126.jpg,2
282,2208427.jpg,2
283,2208821.jpg,4
284,2210948.jpg,2
285,2214118.jpg,2
286,2215283.jpg,4
287,2217931.jpg,2
288,2219507.jpg,4
289,2222503.jpg,4
290,2232035.jpg,2
291,2235313.jpg,4
292,2235705.jpg,2
293,2235747.jpg,4
294,2235769.jpg,2
295,2237181.jpg,4
296,2237388.jpg,4
297,2237892.jpg,2
298,2252297.jpg,2
299,2254053.jpg,4
300,2259527.jpg,4
301,2263658.jpg,2
302,2265605.jpg,4
303,2269952.jpg,2
304,2270066.jpg,4
305,2279706.jpg,4
306,2280533.jpg,4
307,2289073.jpg,4
308,2294024.jpg,4
309,2298395.jpg,4
310,2300380.jpg,2
311,2300382.jpg,2
312,2307973.jpg,2
313,2312089.jpg,4
314,2331371.jpg,4
315,2331507.jpg,4
316,2334595.jpg,4
317,2335458.jpg,2
318,2335819.jpg,4
319,2338417.jpg,4
320,2341151.jpg,5
321,2346157.jpg,4
322,2346158.jpg,4
323,2347374.jpg,4
324,2349186.jpg,4
325,2350569.jpg,4
326,2353183.jpg,4
327,2359387.jpg,2
328,2360965.jpg,4
329,2363121.jpg,2
330,2364723.jpg,2
331,2366013.jpg,2
332,2366015.jpg,2
333,2366332.jpg,2
334,2367161.jpg,2
335,2367164.jpg,2
336,2367877.jpg,4
337,2369442.jpg,2
338,2370432.jpg,2
339,2372556.jpg,4
340,2373908.jpg,2
341,2376007.jpg,2
342,2379329.jpg,2
343,2379336.jpg,2
344,2380817.jpg,2
345,2386164.jpg,4
346,2397813.jpg,4
347,2408178.jpg,2
348,2415153.jpg,2
349,2418210.jpg,4
350,2418213.jpg,4
351,2418215.jpg,4
352,2421538.jpg,2
353,2423867.jpg,4
354,2424848.jpg,4
355,2426785.jpg,2
356,2439008.jpg,2
357,2448030.jpg,2
358,2450524.jpg,4
359,2465197.jpg,4
360,2471020.jpg,4
361,2491765.jpg,4
362,2492388.jpg,2
363,2492390.jpg,2
364,2495595.jpg,2
365,2495600.jpg,2
366,2496194.jpg,4
367,2500253.jpg,4
368,2501335.jpg,4
369,2501677.jpg,2
370,2511204.jpg,2
371,2512959.jpg,2
372,2513005.jpg,4
373,2513901.jpg,4
374,2516427.jpg,4
375,2519876.jpg,4
376,2525039.jpg,4
377,2526098.jpg,4
378,2533979.jpg,2
379,2536248.jpg,2
380,2542750.jpg,2
381,2544608.jpg,2
382,2544619.jpg,2
383,2547588.jpg,4
384,2551841.jpg,2
385,2552779.jpg,2
386,2554103.jpg,4
387,2555514.jpg,2
388,2555517.jpg,2
389,2557939.jpg,4
390,2558494.jpg,4
391,2560212.jpg,2
392,2566668.jpg,4
393,2567000.jpg,4
394,2581882.jpg,4
395,2582893.jpg,2
396,2584655.jpg,4
397,2584659.jpg,4
398,2585933.jpg,2
399,2595963.jpg,2
400,2599513.jpg,4
401,2605012.jpg,2
402,2614761.jpg,1
403,2620113.jpg,4
404,2620121.jpg,2
405,2620122.jpg,2
406,2623591.jpg,4
407,2623958.jpg,2
408,2626209.jpg,4
409,2629639.jpg,2
410,2630096.jpg,4
411,2633989.jpg,2
412,2633994.jpg,2
413,2636059.jpg,2
414,2641921.jpg,4
415,2645804.jpg,4
416,2649216.jpg,2
417,2649218.jpg,2
418,2649535.jpg,4
419,2652720.jpg,2
420,2656373.jpg,4
421,2659840.jpg,2
422,2661528.jpg,4
423,2662131.jpg,2
424,2666174.jpg,2
425,2666655.jpg,2
426,2668080.jpg,2
427,2668362.jpg,2
428,2668364.jpg,2
429,2669359.jpg,4
430,2669738.jpg,2
431,2669740.jpg,2
432,2669787.jpg,2
433,2670248.jpg,4
434,2670255.jpg,4
435,2674151.jpg,2
436,2674154.jpg,2
437,2674161.jpg,2
438,2674615.jpg,2
439,2677142.jpg,2
440,2677722.jpg,2
441,2681398.jpg,4
442,2682507.jpg,4
443,2686125.jpg,4
444,2687195.jpg,2
445,2687595.jpg,2
446,2688639.jpg,2
447,2689595.jpg,4
448,2690849.jpg,2
449,2691286.jpg,2
450,2691506.jpg,2
451,2692107.jpg,2
452,2692197.jpg,4
453,2692644.jpg,2
454,2695161.jpg,2
455,2695710.jpg,2
456,2695711.jpg,2
457,2696832.jpg,2
458,2696865.jpg,2
459,2697214.jpg,2
460,2697215.jpg,2
461,2697801.jpg,2
462,2697803.jpg,2
463,2702021.jpg,2
464,2702069.jpg,2
465,2702381.jpg,2
466,2703509.jpg,2
467,2703516.jpg,2
468,2704878.jpg,2
469,2704900.jpg,2
470,2705257.jpg,2
471,2707617.jpg,4
472,2707681.jpg,2
473,2708321.jpg,2
474,2709243.jpg,2
475,2710650.jpg,2
476,2711116.jpg,2
477,2712415.jpg,2
478,2712416.jpg,2
479,2712425.jpg,2
480,2713141.jpg,4
481,2713760.jpg,2
482,2715511.jpg,2
483,2718774.jpg,2
484,2718775.jpg,2
485,2719167.jpg,2
486,2719598.jpg,2
487,2720152.jpg,2
488,2720154.jpg,2
489,2721373.jpg,2
490,2721389.jpg,2
491,2722994.jpg,2
492,2723970.jpg,2
493,2725122.jpg,2
494,2726582.jpg,2
495,2726764.jpg,2
496,2728638.jpg,2
497,2728651.jpg,2
498,2728882.jpg,2
499,2730607.jpg,2
500,2732660.jpg,2
501,2733111.jpg,2
502,2735279.jpg,2
503,2736149.jpg,2
504,2737489.jpg,2
505,2739099.jpg,4
506,2740041.jpg,2
507,2740839.jpg,2
508,2741178.jpg,2
509,2741468.jpg,4
510,2741686.jpg,2
511,2741688.jpg,2
512,2743445.jpg,2
513,2744087.jpg,2
514,2744724.jpg,2
515,2745057.jpg,4
516,2747304.jpg,2
517,2747460.jpg,2
518,2748659.jpg,4
519,2749028.jpg,2
520,2756816.jpg,2
521,2758003.jpg,2
522,2761555.jpg,4
523,2762069.jpg,2
524,2764012.jpg,4
525,2764353.jpg,2
526,2767414.jpg,2
527,2769644.jpg,2
528,2770989.jpg,2
529,2771851.jpg,2
530,2773615.jpg,2
531,2773620.jpg,2
532,2775966.jpg,2
533,2776364.jpg,2
534,2778068.jpg,5
535,2778081.jpg,5
536,2778084.jpg,5
537,2778088.jpg,1
538,2778092.jpg,1
539,2778130.jpg,1
540,2779977.jpg,2
541,2780006.jpg,2
542,2780029.jpg,1
543,2780052.jpg,1
544,2780084.jpg,1
545,2780101.jpg,1
546,2780114.jpg,1
547,2780162.jpg,5
548,2780170.jpg,5
549,2780171.jpg,5
550,2780176.jpg,1
551,2780178.jpg,1
552,2780182.jpg,5
553,2780187.jpg,5
554,2780200.jpg,1
555,2780201.jpg,5
556,2780208.jpg,1
557,2780209.jpg,1
558,2780211.jpg,5
559,2780679.jpg,2
560,2780682.jpg,2
561,2781581.jpg,2
562,2782122.jpg,5
563,2782139.jpg,5
564,2782140.jpg,5
565,2782143.jpg,5
566,2782147.jpg,2
567,2782155.jpg,5
568,2782161.jpg,2
569,2782175.jpg,1
570,2782181.jpg,1
571,2782195.jpg,1
572,2782208.jpg,1
573,2782211.jpg,1
574,2782212.jpg,1
575,2782213.jpg,1
576,2782216.jpg,1
577,2782235.jpg,1
578,2782241.jpg,2
579,2782242.jpg,1
580,2782247.jpg,1
581,2782251.jpg,1
582,2782255.jpg,1
583,2782257.jpg,5
584,2782260.jpg,1
585,2782262.jpg,5
586,2782270.jpg,1
587,2784032.jpg,2
588,2784155.jpg,5
589,2784172.jpg,1
590,2784187.jpg,1
591,2784196.jpg,1
592,2784211.jpg,1
593,2784213.jpg,1
594,2784216.jpg,5
595,2784218.jpg,1
596,2784219.jpg,1
597,2784223.jpg,1
598,2784225.jpg,1
599,2784227.jpg,1
600,2784231.jpg,5
601,2784235.jpg,5
602,2784236.jpg,5
603,2784239.jpg,5
604,2784242.jpg,1
605,2784249.jpg,5
606,2784253.jpg,1
607,2784263.jpg,1
608,2784265.jpg,1
609,2784269.jpg,1
610,2784271.jpg,1
611,2784278.jpg,1
612,2784279.jpg,1
613,2784283.jpg,5
614,2784289.jpg,1
615,2784295.jpg,5
616,2784297.jpg,1
617,2784299.jpg,1
618,2786121.jpg,5
619,2786154.jpg,1
620,2786155.jpg,1
621,2786159.jpg,5
622,2786160.jpg,1
623,2786163.jpg,1
624,2786197.jpg,5
625,2786202.jpg,1
626,2786204.jpg,5
627,2786213.jpg,5
628,2786217.jpg,5
629,2786221.jpg,1
630,2786223.jpg,5
631,2786240.jpg,1
632,2786249.jpg,5
633,2786250.jpg,5
634,2786269.jpg,1
635,2787793.jpg,2
636,2788194.jpg,5
637,2788196.jpg,5
638,2788210.jpg,1
639,2788221.jpg,1
640,2788224.jpg,1
641,2788225.jpg,1
642,2788230.jpg,1
643,2788233.jpg,1
644,2788245.jpg,1
645,2788248.jpg,3
646,2788255.jpg,1
647,2788257.jpg,1
648,2788258.jpg,2
649,2788260.jpg,1
650,2788262.jpg,1
651,2788271.jpg,5
652,2788279.jpg,1
653,2788283.jpg,1
654,2788284.jpg,1
655,2788288.jpg,1
656,2788289.jpg,1
657,2788300.jpg,1
658,2788332.jpg,1
659,2788339.jpg,5
660,2788341.jpg,1
661,2788343.jpg,1
662,2788350.jpg,1
663,2788355.jpg,1
664,2789486.jpg,2
665,2790230.jpg,1
666,2790232.jpg,1
667,2790235.jpg,2
668,2790255.jpg,5
669,2790259.jpg,5
670,2790260.jpg,5
671,2790279.jpg,5
672,2790291.jpg,1
673,2790306.jpg,1
674,2790314.jpg,5
675,2790347.jpg,1
676,2790348.jpg,1
677,2790355.jpg,5
678,2790377.jpg,5
679,2790393.jpg,5
680,2790405.jpg,1
681,2790506.jpg,4
682,2791669.jpg,2
683,2792282.jpg,5
684,2792283.jpg,5
685,2792284.jpg,1
686,2792285.jpg,1
687,2792289.jpg,5
688,2792303.jpg,1
689,2792307.jpg,1
690,2792310.jpg,1
691,2792312.jpg,1
692,2792319.jpg,5
693,2792330.jpg,1
694,2792339.jpg,2
695,2792357.jpg,1
696,2792363.jpg,1
697,2792376.jpg,5
698,2792384.jpg,1
699,2792386.jpg,1
700,2792389.jpg,5
701,2792393.jpg,5
702,2792394.jpg,5
703,2792396.jpg,5
704,2792402.jpg,5
705,2792403.jpg,5
706,2792420.jpg,5
707,2792421.jpg,1
708,2792423.jpg,5
709,2792424.jpg,1
710,2792425.jpg,1
711,2792432.jpg,1
712,2792439.jpg,5
713,2794307.jpg,5
714,2794319.jpg,1
715,2794325.jpg,2
716,2794344.jpg,5
717,2794348.jpg,1
718,2794351.jpg,1
719,2794360.jpg,5
720,2794382.jpg,5
721,2794383.jpg,5
722,2794384.jpg,5
723,2794393.jpg,5
724,2794397.jpg,1
725,2794403.jpg,1
726,2794432.jpg,3
727,2794436.jpg,5
728,2794437.jpg,1
729,2794447.jpg,1
730,2794452.jpg,1
731,2794453.jpg,1
732,2795268.jpg,4
733,2796336.jpg,5
734,2796340.jpg,5
735,2796342.jpg,5
736,2796347.jpg,2
737,2796359.jpg,2
738,2796372.jpg,1
739,2796376.jpg,1
740,2796377.jpg,1
741,2796385.jpg,1
742,2796393.jpg,1
743,2796405.jpg,1
744,2796407.jpg,1
745,2796418.jpg,1
746,2796421.jpg,1
747,2796425.jpg,1
748,2796426.jpg,1
749,2796427.jpg,1
750,2796433.jpg,1
751,2796463.jpg,5
752,2796481.jpg,1
753,2796482.jpg,1
754,2796491.jpg,5
755,2796495.jpg,1
756,2796497.jpg,1
757,2798358.jpg,1
758,2798365.jpg,5
759,2798369.jpg,4
760,2798371.jpg,1
761,2798384.jpg,1
762,2798388.jpg,5
763,2798392.jpg,5
764,2798397.jpg,5
765,2798410.jpg,1
766,2798412.jpg,1
767,2798424.jpg,1
768,2798425.jpg,5
769,2798431.jpg,1
770,2798436.jpg,1
771,2798439.jpg,1
772,2798444.jpg,5
773,2798451.jpg,5
774,2798455.jpg,5
775,2798457.jpg,5
776,2798465.jpg,1
777,2798475.jpg,1
778,2798476.jpg,1
779,2798480.jpg,1
780,2798481.jpg,2
781,2798490.jpg,1
782,2798491.jpg,5
783,2798499.jpg,1
784,2798514.jpg,1
785,2798525.jpg,1
786,2798527.jpg,1
787,2800098.jpg,2
788,2800421.jpg,1
789,2800424.jpg,1
790,2800430.jpg,1
791,2800440.jpg,5
792,2800443.jpg,5
793,2800445.jpg,5
794,2800447.jpg,5
795,2800448.jpg,5
796,2800465.jpg,5
797,2800471.jpg,1
798,2800475.jpg,1
799,2800488.jpg,5
800,2800489.jpg,1
801,2800491.jpg,5
802,2800500.jpg,5
803,2800510.jpg,1
804,2800511.jpg,1
805,2800526.jpg,1
806,2800530.jpg,5
807,2800542.jpg,2
808,2800552.jpg,1
809,2800567.jpg,1
810,2800570.jpg,5
811,2800574.jpg,5
812,2800582.jpg,1
813,2800584.jpg,1
814,2800585.jpg,5
815,2800593.jpg,5
816,2800595.jpg,5
817,2802031.jpg,2
818,2802493.jpg,1
819,2802494.jpg,1
820,2802496.jpg,1
821,2802501.jpg,1
822,2802502.jpg,1
823,2802503.jpg,5
824,2802505.jpg,1
825,2802520.jpg,2
826,2802535.jpg,5
827,2802558.jpg,1
828,2802599.jpg,3
829,2802600.jpg,5
830,2802608.jpg,5
831,2802610.jpg,5
832,2802611.jpg,1
833,2802614.jpg,1
834,2802615.jpg,1
835,2802623.jpg,1
836,2802630.jpg,1
837,2802631.jpg,1
838,2802635.jpg,5
839,2802636.jpg,1
840,2802649.jpg,1
841,2802654.jpg,1
842,2804501.jpg,2
843,2804517.jpg,2
844,2804592.jpg,5
845,2804593.jpg,1
846,2804594.jpg,5
847,2804605.jpg,1
848,2804606.jpg,5
849,2804613.jpg,5
850,2804617.jpg,1
851,2804618.jpg,1
852,2804620.jpg,1
853,2804643.jpg,1
854,2804654.jpg,1
855,2804664.jpg,1
856,2804682.jpg,5
857,2804684.jpg,1
858,2804712.jpg,1
859,2804719.jpg,5
860,2804723.jpg,1
861,2804743.jpg,5
862,2804746.jpg,5
863,2804747.jpg,1
864,2804753.jpg,5
865,2804756.jpg,5
866,2804760.jpg,1
867,2804762.jpg,1
868,2804763.jpg,5
869,2804764.jpg,5
870,2804765.jpg,1
871,2804766.jpg,1
872,2806102.jpg,2
873,2806236.jpg,2
874,2806614.jpg,1
875,2806616.jpg,5
876,2806622.jpg,1
877,2806629.jpg,1
878,2806639.jpg,1
879,2806659.jpg,1
880,2806665.jpg,1
881,2806672.jpg,5
882,2806673.jpg,5
883,2806676.jpg,5
884,2806701.jpg,2
885,2806707.jpg,5
886,2806709.jpg,1
887,2806712.jpg,5
888,2806720.jpg,1
889,2806722.jpg,1
890,2806725.jpg,5
891,2806740.jpg,5
892,2806745.jpg,5
893,2806749.jpg,4
894,2806750.jpg,5
895,2806763.jpg,1
896,2806772.jpg,1
897,2806775.jpg,1
898,2806780.jpg,1
899,2806784.jpg,5
900,2807078.jpg,2
901,2807422.jpg,2
902,2807424.jpg,2
903,2807429.jpg,2
904,2807431.jpg,2
905,2807457.jpg,2
906,2807578.jpg,2
907,2807636.jpg,2
908,2807712.jpg,2
909,2807929.jpg,2
910,2808660.jpg,1
911,2808678.jpg,1
912,2808679.jpg,1
913,2808682.jpg,5
914,2808683.jpg,5
915,2808688.jpg,1
916,2808735.jpg,1
917,2808738.jpg,1
918,2808748.jpg,5
919,2808757.jpg,1
920,2808758.jpg,5
921,2808786.jpg,5
922,2808791.jpg,1
923,2808795.jpg,1
924,2808796.jpg,1
925,2808798.jpg,1
926,2808815.jpg,2
927,2808829.jpg,5
928,2808835.jpg,1
929,2808977.jpg,2
930,2809175.jpg,2
931,2809399.jpg,2
932,2809690.jpg,2
933,2809762.jpg,2
934,2809765.jpg,2
935,2809929.jpg,2
936,2810136.jpg,2
937,2810205.jpg,2
938,2810465.jpg,2
939,2810538.jpg,2
940,2810542.jpg,2
941,2810562.jpg,2
942,2810736.jpg,1
943,2810737.jpg,5
944,2810738.jpg,5
945,2810739.jpg,1
946,2810749.jpg,1
947,2810771.jpg,5
948,2810772.jpg,5
949,2810775.jpg,1
950,2810777.jpg,1
951,2810782.jpg,1
952,2810791.jpg,5
953,2810795.jpg,1
954,2810809.jpg,1
955,2810813.jpg,1
956,2810815.jpg,5
957,2810816.jpg,1
958,2810834.jpg,5
959,2810837.jpg,1
960,2810840.jpg,1
961,2810860.jpg,1
962,2810864.jpg,5
963,2810868.jpg,5
964,2810880.jpg,1
965,2810881.jpg,5
966,2810891.jpg,1
967,2810892.jpg,5
968,2810893.jpg,5
969,2810895.jpg,1
970,2812139.jpg,2
971,2812710.jpg,2
972,2812746.jpg,1
973,2812759.jpg,1
974,2812767.jpg,1
975,2812772.jpg,5
976,2812790.jpg,1
977,2812801.jpg,1
978,2812807.jpg,1
979,2812811.jpg,5
980,2812817.jpg,5
981,2812819.jpg,5
982,2812821.jpg,5
983,2812822.jpg,1
984,2812823.jpg,5
985,2812824.jpg,1
986,2812825.jpg,5
987,2812836.jpg,1
988,2812837.jpg,1
989,2812845.jpg,2
990,2812846.jpg,2
991,2812854.jpg,1
992,2812855.jpg,1
993,2812879.jpg,1
994,2812896.jpg,1
995,2812907.jpg,1
996,2812917.jpg,1
997,2812924.jpg,1
998,2812929.jpg,4
999,2812930.jpg,1
1000,2812931.jpg,5
1001,2812932.jpg,5
1002,2814144.jpg,4
1003,2814814.jpg,5
1004,2814822.jpg,1
1005,2814829.jpg,5
1006,2814839.jpg,1
1007,2814863.jpg,1
1008,2814877.jpg,1
1009,2814886.jpg,1
1010,2814887.jpg,1
1011,2814889.jpg,1
1012,2814896.jpg,1
1013,2814898.jpg,1
1014,2814928.jpg,1
1015,2814935.jpg,1
1016,2814943.jpg,5
1017,2814952.jpg,1
1018,2814954.jpg,1
1019,2814963.jpg,1
1020,2815117.jpg,2
1021,2815303.jpg,2
1022,2816800.jpg,5
1023,2816801.jpg,5
1024,2816806.jpg,5
1025,2816810.jpg,1
1026,2816825.jpg,5
1027,2816841.jpg,5
1028,2816843.jpg,5
1029,2816844.jpg,5
1030,2816846.jpg,5
1031,2816853.jpg,1
1032,2816868.jpg,5
1033,2816869.jpg,5
1034,2816870.jpg,5
1035,2816872.jpg,5
1036,2816875.jpg,5
1037,2816894.jpg,5
1038,2816902.jpg,1
1039,2816915.jpg,5
1040,2816917.jpg,5
1041,2816922.jpg,1
1042,2816933.jpg,5
1043,2816935.jpg,1
1044,2816941.jpg,1
1045,2816945.jpg,1
1046,2816949.jpg,5
1047,2816962.jpg,5
1048,2816971.jpg,1
1049,2816981.jpg,1
1050,2816983.jpg,5
1051,2816988.jpg,5
1052,2817166.jpg,2
1053,2817168.jpg,2
1054,2817737.jpg,2
1055,2818800.jpg,2
1056,2818889.jpg,5
1057,2818891.jpg,5
1058,2818895.jpg,1
1059,2818907.jpg,5
1060,2818908.jpg,5
1061,2818909.jpg,1
1062,2818910.jpg,1
1063,2818915.jpg,1
1064,2818916.jpg,1
1065,2818917.jpg,1
1066,2818919.jpg,5
1067,2818920.jpg,1
1068,2818922.jpg,1
1069,2818924.jpg,1
1070,2818928.jpg,1
1071,2818931.jpg,1
1072,2818932.jpg,1
1073,2818933.jpg,1
1074,2818938.jpg,5
1075,2818940.jpg,1
1076,2818941.jpg,1
1077,2818949.jpg,1
1078,2818952.jpg,1
1079,2818953.jpg,1
1080,2818955.jpg,5
1081,2818970.jpg,1
1082,2818980.jpg,1
1083,2819008.jpg,1
1084,2819013.jpg,1
1085,2819014.jpg,1
1086,2819018.jpg,1
1087,2819028.jpg,2
1088,2819051.jpg,1
1089,2819062.jpg,1
1090,2819074.jpg,1
1091,2819085.jpg,1
1092,2820305.jpg,2
1093,2820687.jpg,2
1094,2821023.jpg,5
1095,2821038.jpg,1
1096,2821039.jpg,1
1097,2821049.jpg,5
1098,2821060.jpg,1
1099,2821068.jpg,1
1100,2821079.jpg,5
1101,2821083.jpg,1
1102,2821093.jpg,1
1103,2821099.jpg,1
1104,2821108.jpg,1
1105,2821126.jpg,1
1106,2821132.jpg,2
1107,2821137.jpg,1
1108,2821164.jpg,5
1109,2821165.jpg,5
1110,2821167.jpg,1
1111,2821169.jpg,1
1112,2821176.jpg,1
1113,2821206.jpg,1
1114,2821210.jpg,1
1115,2821335.jpg,2
1116,2822060.jpg,2
1117,2822522.jpg,2
1118,2822790.jpg,2
1119,2822818.jpg,2
1120,2823053.jpg,5
1121,2823054.jpg,5
1122,2823056.jpg,5
1123,2823068.jpg,1
1124,2823073.jpg,1
1125,2823076.jpg,1
1126,2823078.jpg,5
1127,2823084.jpg,5
1128,2823092.jpg,5
1129,2823103.jpg,1
1130,2823110.jpg,5
1131,2823117.jpg,1
1132,2823119.jpg,1
1133,2823123.jpg,5
1134,2823125.jpg,1
1135,2823162.jpg,1
1136,2823168.jpg,1
1137,2823172.jpg,1
1138,2823182.jpg,5
1139,2823215.jpg,1
1140,2823224.jpg,5
1141,2823227.jpg,1
1142,2823230.jpg,1
1143,2823238.jpg,5
1144,2823625.jpg,2
1145,2824316.jpg,2
1146,2824360.jpg,2
1147,2824361.jpg,2
1148,2825091.jpg,5
1149,2825094.jpg,5
1150,2825113.jpg,1
1151,2825120.jpg,5
1152,2825123.jpg,1
1153,2825132.jpg,1
1154,2825142.jpg,1
1155,2825154.jpg,1
1156,2825162.jpg,2
1157,2825171.jpg,1
1158,2825179.jpg,1
1159,2825180.jpg,1
1160,2825188.jpg,1
1161,2825193.jpg,1
1162,2825196.jpg,1
1163,2825207.jpg,1
1164,2825208.jpg,5
1165,2825219.jpg,1
1166,2825222.jpg,1
1167,2825228.jpg,1
1168,2825243.jpg,5
1169,2825264.jpg,1
1170,2825958.jpg,2
1171,2826040.jpg,2
1172,2826226.jpg,2
1173,2826666.jpg,2
1174,2826669.jpg,2
1175,2826673.jpg,2
1176,2826732.jpg,2
1177,2827127.jpg,5
1178,2827132.jpg,1
1179,2827133.jpg,1
1180,2827135.jpg,1
1181,2827146.jpg,5
1182,2827157.jpg,1
1183,2827161.jpg,1
1184,2827167.jpg,5
1185,2827169.jpg,5
1186,2827173.jpg,5
1187,2827190.jpg,1
1188,2827201.jpg,1
1189,2827208.jpg,1
1190,2827212.jpg,1
1191,2827217.jpg,1
1192,2827243.jpg,1
1193,2827244.jpg,1
1194,2827253.jpg,2
1195,2827255.jpg,1
1196,2827257.jpg,5
1197,2827259.jpg,1
1198,2827264.jpg,1
1199,2827283.jpg,1
1200,2827288.jpg,5
1201,2827303.jpg,1
1202,2827309.jpg,1
1203,2828015.jpg,2
1204,2829222.jpg,1
1205,2829224.jpg,5
1206,2829247.jpg,5
1207,2829248.jpg,1
1208,2829252.jpg,1
1209,2829270.jpg,1
1210,2829289.jpg,5
1211,2829290.jpg,1
1212,2829291.jpg,5
1213,2829298.jpg,5
1214,2829317.jpg,1
1215,2829322.jpg,5
1216,2829330.jpg,5
1217,2829338.jpg,5
1218,2829339.jpg,1
1219,2829347.jpg,1
1220,2829351.jpg,1
1221,2829373.jpg,5
1222,2829377.jpg,5
1223,2829381.jpg,1
1224,2829382.jpg,1
1225,2829389.jpg,5
1226,2829393.jpg,1
1227,2829397.jpg,5
1228,2829403.jpg,1
1229,2829422.jpg,1
1230,2829440.jpg,2
1231,2829880.jpg,2
1232,2831265.jpg,1
1233,2831272.jpg,1
1234,2831278.jpg,1
1235,2831284.jpg,1
1236,2831286.jpg,1
1237,2831289.jpg,1
1238,2831293.jpg,5
1239,2831303.jpg,1
1240,2831308.jpg,1
1241,2831310.jpg,5
1242,2831333.jpg,5
1243,2831337.jpg,5
1244,2831358.jpg,1
1245,2831359.jpg,1
1246,2831376.jpg,5
1247,2831377.jpg,5
1248,2831390.jpg,5
1249,2831398.jpg,1
1250,2831406.jpg,1
1251,2831407.jpg,5
1252,2831415.jpg,1
1253,2831418.jpg,1
1254,2831443.jpg,1
1255,2831445.jpg,1
1256,2831446.jpg,1
1257,2831447.jpg,1
1258,2831459.jpg,1
1259,2831460.jpg,1
1260,2833308.jpg,1
1261,2833312.jpg,1
1262,2833325.jpg,1
1263,2833327.jpg,5
1264,2833328.jpg,5
1265,2833334.jpg,5
1266,2833351.jpg,5
1267,2833375.jpg,2
1268,2833385.jpg,1
1269,2833386.jpg,1
1270,2833387.jpg,1
1271,2833397.jpg,1
1272,2833398.jpg,1
1273,2833401.jpg,1
1274,2833402.jpg,1
1275,2833408.jpg,1
1276,2833412.jpg,1
1277,2833415.jpg,5
1278,2833420.jpg,1
1279,2833438.jpg,1
1280,2833446.jpg,5
1281,2833455.jpg,1
1282,2833456.jpg,1
1283,2833464.jpg,1
1284,2833471.jpg,1
1285,2834324.jpg,2
1286,2835359.jpg,5
1287,2835361.jpg,5
1288,2835369.jpg,1
1289,2835370.jpg,1
1290,2835372.jpg,5
1291,2835376.jpg,1
1292,2835378.jpg,5
1293,2835399.jpg,1
1294,2835401.jpg,1
1295,2835402.jpg,1
1296,2835403.jpg,1
1297,2835404.jpg,1
1298,2835406.jpg,1
1299,2835408.jpg,1
1300,2835413.jpg,1
1301,2835422.jpg,1
1302,2835435.jpg,1
1303,2835437.jpg,1
1304,2835455.jpg,1
1305,2835456.jpg,1
1306,2835457.jpg,1
1307,2835464.jpg,5
1308,2835469.jpg,1
1309,2835478.jpg,1
1310,2835485.jpg,1
1311,2835491.jpg,5
1312,2835492.jpg,1
1313,2835498.jpg,1
1314,2835500.jpg,1
1315,2835511.jpg,1
1316,2835512.jpg,1
1317,2835517.jpg,5
1318,2835518.jpg,5
1319,2835519.jpg,1
1320,2835520.jpg,1
1321,2835522.jpg,1
1322,2835534.jpg,5
1323,2836809.jpg,2
1324,2837125.jpg,3
1325,2837150.jpg,3
1326,2837154.jpg,3
1327,2837296.jpg,3
1328,2837306.jpg,3
1329,2837439.jpg,5
1330,2837458.jpg,1
1331,2837495.jpg,5
1332,2837523.jpg,1
1333,2837538.jpg,5
1334,2837563.jpg,1
1335,2837564.jpg,1
1336,2837582.jpg,1
1337,2837583.jpg,1
1338,2837584.jpg,1
1339,2837599.jpg,1
1340,2837603.jpg,1
1341,2837604.jpg,3
1342,2837606.jpg,1
1343,2837607.jpg,3
1344,2837611.jpg,1
1345,2837613.jpg,1
1346,2837614.jpg,1
1347,2837617.jpg,1
1348,2837625.jpg,5
1349,2837627.jpg,1
1350,2837628.jpg,5
1351,2837629.jpg,5
1352,2837631.jpg,1
1353,2837635.jpg,5
1354,2837638.jpg,1
1355,2837644.jpg,1
1356,2837645.jpg,1
1357,2837647.jpg,1
1358,2837729.jpg,3
1359,2837730.jpg,3
1360,2837848.jpg,3
1361,2837904.jpg,2
1362,2837905.jpg,2
1363,2837907.jpg,2
1364,2837918.jpg,3
1365,2837989.jpg,2
1366,2837990.jpg,2
1367,2838014.jpg,2
1368,2838034.jpg,2
1369,2838084.jpg,3
1370,2838207.jpg,3
1371,2838370.jpg,3
1372,2838372.jpg,3
1373,2838412.jpg,3
1374,2839036.jpg,3
1375,2839110.jpg,3
1376,2839111.jpg,3
1377,2839121.jpg,3
1378,2839213.jpg,2
1379,2839367.jpg,3
1380,2839477.jpg,5
1381,2839505.jpg,5
1382,2839510.jpg,5
1383,2839513.jpg,1
1384,2839522.jpg,3
1385,2839539.jpg,1
1386,2839544.jpg,1
1387,2839546.jpg,1
1388,2839548.jpg,1
1389,2839549.jpg,1
1390,2839553.jpg,1
1391,2839560.jpg,1
1392,2839561.jpg,1
1393,2839563.jpg,1
1394,2839566.jpg,1
1395,2839567.jpg,1
1396,2839577.jpg,5
1397,2839582.jpg,1
1398,2839593.jpg,1
1399,2839595.jpg,1
1400,2839601.jpg,1
1401,2839617.jpg,1
1402,2839627.jpg,1
1403,2839634.jpg,1
1404,2839642.jpg,3
1405,2839645.jpg,5
1406,2839657.jpg,3
1407,2839719.jpg,3
1408,2839755.jpg,3
1409,2840647.jpg,3
1410,2840737.jpg,3
1411,2840817.jpg,3
1412,2840824.jpg,3
1413,2840922.jpg,2
1414,2840923.jpg,2
1415,2840925.jpg,2
1416,2841339.jpg,3
1417,2841341.jpg,3
1418,2841562.jpg,1
1419,2841569.jpg,1
1420,2841575.jpg,1
1421,2841581.jpg,1
1422,2841582.jpg,1
1423,2841587.jpg,5
1424,2841593.jpg,1
1425,2841603.jpg,5
1426,2841607.jpg,1
1427,2841611.jpg,5
1428,2841612.jpg,5
1429,2841625.jpg,1
1430,2841627.jpg,5
1431,2841645.jpg,3
1432,2841663.jpg,5
1433,2841664.jpg,1
1434,2841668.jpg,5
1435,2841692.jpg,1
1436,2841695.jpg,5
1437,2841703.jpg,1
1438,2841705.jpg,5
1439,2841708.jpg,1
1440,2841719.jpg,5
1441,2841728.jpg,1
1442,2841732.jpg,1
1443,2841733.jpg,3
1444,2841877.jpg,3
1445,2842112.jpg,2
1446,2842337.jpg,3
1447,2842483.jpg,3
1448,2842492.jpg,3
1449,2842494.jpg,3
1450,2842509.jpg,2
1451,2842611.jpg,2
1452,2842676.jpg,2
1453,2842681.jpg,2
1454,2842785.jpg,3
1455,2842786.jpg,3
1456,2843284.jpg,3
1457,2843363.jpg,2
1458,2843365.jpg,2
1459,2843366.jpg,2
1460,2843462.jpg,2
1461,2843604.jpg,5
1462,2843608.jpg,5
1463,2843610.jpg,5
1464,2843616.jpg,1
1465,2843619.jpg,1
1466,2843624.jpg,1
1467,2843625.jpg,2
1468,2843636.jpg,5
1469,2843641.jpg,2
1470,2843661.jpg,1
1471,2843665.jpg,1
1472,2843667.jpg,1
1473,2843676.jpg,1
1474,2843683.jpg,1
1475,2843690.jpg,1
1476,2843695.jpg,1
1477,2843719.jpg,5
1478,2843720.jpg,1
1479,2843721.jpg,5
1480,2843722.jpg,5
1481,2843723.jpg,1
1482,2843732.jpg,5
1483,2843734.jpg,1
1484,2843738.jpg,3
1485,2843743.jpg,3
1486,2843756.jpg,1
1487,2843766.jpg,1
1488,2843805.jpg,3
1489,2843870.jpg,2
1490,2843922.jpg,3
1491,2844067.jpg,3
1492,2844071.jpg,3
1493,2844196.jpg,3
1494,2844230.jpg,3
1495,2844372.jpg,3
1496,2844406.jpg,3
1497,2844477.jpg,2
1498,2844682.jpg,3
1499,2844684.jpg,3
1500,2844797.jpg,3
1501,2844911.jpg,3
1502,2845460.jpg,3
1503,2845553.jpg,3
1504,2845555.jpg,3
1505,2845674.jpg,1
1506,2845693.jpg,1
1507,2845697.jpg,1
1508,2845700.jpg,1
1509,2845703.jpg,1
1510,2845714.jpg,5
1511,2845729.jpg,5
1512,2845732.jpg,1
1513,2845734.jpg,5
1514,2845744.jpg,5
1515,2845745.jpg,5
1516,2845756.jpg,5
1517,2845762.jpg,1
1518,2845763.jpg,5
1519,2845764.jpg,5
1520,2845769.jpg,1
1521,2845778.jpg,5
1522,2845782.jpg,1
1523,2845783.jpg,1
1524,2845804.jpg,5
1525,2845814.jpg,5
1526,2845816.jpg,1
1527,2845818.jpg,5
1528,2845823.jpg,1
1529,2845827.jpg,1
1530,2845837.jpg,1
1531,2846043.jpg,3
1532,2846254.jpg,3
1533,2847161.jpg,3
1534,2847442.jpg,3
1535,2847444.jpg,3
1536,2847531.jpg,3
1537,2847533.jpg,3
1538,2847574.jpg,3
1539,2847590.jpg,3
1540,2847639.jpg,2
1541,2847685.jpg,1
1542,2847688.jpg,1
1543,2847703.jpg,1
1544,2847707.jpg,1
1545,2847711.jpg,5
1546,2847717.jpg,5
1547,2847731.jpg,1
1548,2847753.jpg,1
1549,2847758.jpg,1
1550,2847764.jpg,1
1551,2847766.jpg,1
1552,2847788.jpg,1
1553,2847801.jpg,5
1554,2847807.jpg,1
1555,2847811.jpg,1
1556,2847814.jpg,1
1557,2847817.jpg,1
1558,2847819.jpg,1
1559,2847821.jpg,3
1560,2848234.jpg,3
1561,2848235.jpg,3
1562,2848358.jpg,3
1563,2848360.jpg,3
1564,2848361.jpg,3
1565,2848422.jpg,3
1566,2848501.jpg,3
1567,2848697.jpg,3
1568,2848698.jpg,3
1569,2848822.jpg,3
1570,2848829.jpg,3
1571,2848831.jpg,3
1572,2848832.jpg,3
1573,2849339.jpg,3
1574,2849748.jpg,2
1575,2849757.jpg,5
1576,2849779.jpg,1
1577,2849785.jpg,1
1578,2849792.jpg,1
1579,2849795.jpg,1
1580,2849798.jpg,1
1581,2849802.jpg,1
1582,2849805.jpg,1
1583,2849813.jpg,1
1584,2849818.jpg,1
1585,2849833.jpg,1
1586,2849844.jpg,1
1587,2849849.jpg,3
1588,2849853.jpg,3
1589,2849861.jpg,5
1590,2849885.jpg,5
1591,2849888.jpg,1
1592,2849895.jpg,5
1593,2849897.jpg,5
1594,2849898.jpg,5
1595,2849900.jpg,5
1596,2849910.jpg,5
1597,2849915.jpg,5
1598,2850066.jpg,3
1599,2850224.jpg,1
1600,2850411.jpg,3
1601,2850553.jpg,3
1602,2850566.jpg,3
1603,2850575.jpg,3
1604,2850602.jpg,3
1605,2850961.jpg,3
1606,2850974.jpg,3
1607,2851030.jpg,3
1608,2851110.jpg,2
1609,2851180.jpg,2
1610,2851289.jpg,3
1611,2851320.jpg,2
1612,2851368.jpg,2
1613,2851650.jpg,3
1614,2851785.jpg,1
1615,2851786.jpg,5
1616,2851791.jpg,3
1617,2851799.jpg,1
1618,2851804.jpg,1
1619,2851824.jpg,1
1620,2851827.jpg,1
1621,2851828.jpg,1
1622,2851837.jpg,5
1623,2851842.jpg,1
1624,2851843.jpg,1
1625,2851866.jpg,5
1626,2851871.jpg,1
1627,2851878.jpg,1
1628,2851882.jpg,1
1629,2851884.jpg,5
1630,2851892.jpg,2
1631,2851894.jpg,1
1632,2851895.jpg,1
1633,2851906.jpg,1
1634,2851907.jpg,1
1635,2851910.jpg,5
1636,2851921.jpg,1
1637,2851926.jpg,1
1638,2851929.jpg,1
1639,2851931.jpg,1
1640,2851934.jpg,1
1641,2851941.jpg,1
1642,2851942.jpg,1
1643,2851948.jpg,5
1644,2851960.jpg,1
1645,2851964.jpg,5
1646,2852369.jpg,3
1647,2852408.jpg,3
1648,2852455.jpg,3
1649,2852457.jpg,3
1650,2852463.jpg,3
1651,2852466.jpg,3
1652,2852467.jpg,3
1653,2852468.jpg,3
1654,2852469.jpg,3
1655,2852474.jpg,3
1656,2852615.jpg,2
1657,2852913.jpg,2
1658,2852944.jpg,2
1659,2853117.jpg,2
1660,2853132.jpg,2
1661,2853324.jpg,2
1662,2853340.jpg,2
1663,2853886.jpg,1
1664,2853887.jpg,1
1665,2853895.jpg,1
1666,2853949.jpg,2
1667,2853950.jpg,1
1668,2853957.jpg,1
1669,2853960.jpg,1
1670,2853967.jpg,1
1671,2853968.jpg,2
1672,2853988.jpg,5
1673,2854006.jpg,5
1674,2854007.jpg,5
1675,2854008.jpg,5
1676,2854017.jpg,1
1677,2854020.jpg,3
1678,2854065.jpg,2
1679,2854310.jpg,2
1680,2854820.jpg,3
1681,2855045.jpg,3
1682,2855294.jpg,3
1683,2855683.jpg,2
1684,2855710.jpg,3
1685,2855864.jpg,3
1686,2855928.jpg,1
1687,2855935.jpg,4
1688,2855943.jpg,5
1689,2855946.jpg,1
1690,2855956.jpg,5
1691,2855957.jpg,5
1692,2855971.jpg,1
1693,2855974.jpg,5
1694,2855976.jpg,5
1695,2855989.jpg,1
1696,2855991.jpg,1
1697,2855993.jpg,1
1698,2855994.jpg,1
1699,2856005.jpg,1
1700,2856009.jpg,5
1701,2856011.jpg,5
1702,2856012.jpg,1
1703,2856013.jpg,1
1704,2856016.jpg,1
1705,2856017.jpg,5
1706,2856022.jpg,1
1707,2856023.jpg,1
1708,2856031.jpg,5
1709,2856037.jpg,5
1710,2856040.jpg,1
1711,2856043.jpg,1
1712,2856045.jpg,1
1713,2856073.jpg,5
1714,2856080.jpg,5
1715,2856419.jpg,3
1716,2856537.jpg,3
1717,2856696.jpg,3
1718,2856697.jpg,3
1719,2856698.jpg,3
1720,2856699.jpg,3
1721,2856707.jpg,3
1722,2857715.jpg,3
1723,2857720.jpg,3
1724,2857736.jpg,3
1725,2857957.jpg,1
1726,2857966.jpg,1
1727,2857983.jpg,1
1728,2858002.jpg,1
1729,2858005.jpg,1
1730,2858006.jpg,5
1731,2858014.jpg,3
1732,2858032.jpg,1
1733,2858034.jpg,1
1734,2858038.jpg,1
1735,2858054.jpg,1
1736,2858058.jpg,1
1737,2858073.jpg,1
1738,2858103.jpg,1
1739,2858107.jpg,1
1740,2858118.jpg,1
1741,2858130.jpg,1
1742,2858133.jpg,5
1743,2858138.jpg,3
1744,2858452.jpg,3
1745,2858779.jpg,3
1746,2858880.jpg,3
1747,2858939.jpg,2
1748,2859175.jpg,3
1749,2859404.jpg,2
1750,2859428.jpg,3
1751,2859430.jpg,3
1752,2859431.jpg,3
1753,2859432.jpg,3
1754,2859433.jpg,3
1755,2859565.jpg,3
1756,2859990.jpg,3
1757,2859993.jpg,3
1758,2860009.jpg,5
1759,2860035.jpg,5
1760,2860037.jpg,5
1761,2860038.jpg,1
1762,2860043.jpg,1
1763,2860048.jpg,5
1764,2860049.jpg,5
1765,2860051.jpg,1
1766,2860097.jpg,1
1767,2860099.jpg,1
1768,2860116.jpg,5
1769,2860139.jpg,1
1770,2860145.jpg,1
1771,2860148.jpg,1
1772,2860164.jpg,1
1773,2860165.jpg,1
1774,2860174.jpg,1
1775,2860180.jpg,5
1776,2860258.jpg,3
1777,2860264.jpg,3
1778,2860285.jpg,2
1779,2860330.jpg,2
1780,2860590.jpg,3
1781,2860807.jpg,2
1782,2860817.jpg,2
1783,2860923.jpg,2
1784,2860943.jpg,2
1785,2861112.jpg,3
1786,2861356.jpg,3
1787,2861357.jpg,3
1788,2861380.jpg,3
1789,2861413.jpg,2
1790,2861541.jpg,3
1791,2861612.jpg,3
1792,2861716.jpg,3
1793,2861717.jpg,3
1794,2861728.jpg,3
1795,2861840.jpg,3
1796,2861916.jpg,3
1797,2862023.jpg,1
1798,2862024.jpg,1
1799,2862026.jpg,1
1800,2862031.jpg,1
1801,2862032.jpg,1
1802,2862033.jpg,1
1803,2862037.jpg,1
1804,2862078.jpg,5
1805,2862095.jpg,1
1806,2862125.jpg,3
1807,2862137.jpg,5
1808,2862155.jpg,5
1809,2862160.jpg,1
1810,2862162.jpg,5
1811,2862170.jpg,1
1812,2862173.jpg,5
1813,2862215.jpg,4
1814,2862222.jpg,3
1815,2862605.jpg,2
1816,2862608.jpg,2
1817,2862612.jpg,2
1818,2862631.jpg,2
1819,2862632.jpg,2
1820,2862633.jpg,2
1821,2862658.jpg,3
1822,2862917.jpg,3
1823,2863014.jpg,3
1824,2863021.jpg,3
1825,2863061.jpg,3
1826,2863181.jpg,2
1827,2863237.jpg,2
1828,2863437.jpg,2
1829,2863455.jpg,3
1830,2863498.jpg,3
1831,2863540.jpg,3
1832,2863914.jpg,3
1833,2863937.jpg,3
1834,2864020.jpg,1
1835,2864024.jpg,1
1836,2864025.jpg,1
1837,2864028.jpg,1
1838,2864085.jpg,5
1839,2864089.jpg,3
1840,2864102.jpg,1
1841,2864103.jpg,5
1842,2864105.jpg,5
1843,2864122.jpg,5
1844,2864126.jpg,1
1845,2864129.jpg,1
1846,2864134.jpg,1
1847,2864135.jpg,1
1848,2864136.jpg,1
1849,2864142.jpg,5
1850,2864156.jpg,1
1851,2864159.jpg,1
1852,2864215.jpg,2
1853,2864233.jpg,2
1854,2864235.jpg,2
1855,2864990.jpg,3
1856,2865027.jpg,3
1857,2865028.jpg,3
1858,2865241.jpg,3
1859,2865253.jpg,2
1860,2865521.jpg,3
1861,2865548.jpg,3
1862,2865549.jpg,3
1863,2865679.jpg,3
1864,2865888.jpg,3
1865,2866003.jpg,5
1866,2866008.jpg,1
1867,2866013.jpg,1
1868,2866017.jpg,5
1869,2866022.jpg,5
1870,2866023.jpg,1
1871,2866026.jpg,5
1872,2866028.jpg,1
1873,2866032.jpg,1
1874,2866036.jpg,1
1875,2866038.jpg,5
1876,2866046.jpg,1
1877,2866061.jpg,1
1878,2866068.jpg,1
1879,2866085.jpg,1
1880,2866089.jpg,1
1881,2866092.jpg,1
1882,2866107.jpg,1
1883,2866108.jpg,1
1884,2866109.jpg,1
1885,2866126.jpg,2
1886,2866132.jpg,1
1887,2866160.jpg,1
1888,2866258.jpg,3
1889,2866367.jpg,2
1890,2866459.jpg,2
1891,2866530.jpg,3
1892,2866627.jpg,2
1893,2866646.jpg,3
1894,2866661.jpg,3
1895,2866891.jpg,3
1896,2866892.jpg,3
1897,2866933.jpg,3
1898,2867794.jpg,3
1899,2867932.jpg,3
1900,2867997.jpg,1
1901,2868003.jpg,5
1902,2868025.jpg,1
1903,2868030.jpg,1
1904,2868033.jpg,1
1905,2868036.jpg,1
1906,2868040.jpg,5
1907,2868045.jpg,5
1908,2868047.jpg,4
1909,2868055.jpg,5
1910,2868074.jpg,1
1911,2868078.jpg,1
1912,2868094.jpg,5
1913,2868100.jpg,5
1914,2868103.jpg,5
1915,2868106.jpg,5
1916,2868114.jpg,1
1917,2868153.jpg,1
1918,2868154.jpg,1
1919,2868155.jpg,1
1920,2868162.jpg,1
1921,2868237.jpg,3
1922,2868331.jpg,3
1923,2868480.jpg,3
1924,2868481.jpg,3
1925,2868549.jpg,3
1926,2868603.jpg,3
1927,2868616.jpg,3
1928,2868722.jpg,3
1929,2868723.jpg,3
1930,2868743.jpg,2
1931,2868862.jpg,3
1932,2869020.jpg,3
1933,2869056.jpg,3
1934,2869061.jpg,3
1935,2869062.jpg,3
1936,2869063.jpg,3
1937,2869064.jpg,3
1938,2869219.jpg,3
1939,2869221.jpg,3
1940,2869352.jpg,3
1941,2869674.jpg,3
1942,2869704.jpg,3
1943,2870012.jpg,1
1944,2870025.jpg,1
1945,2870031.jpg,1
1946,2870033.jpg,1
1947,2870036.jpg,1
1948,2870037.jpg,1
1949,2870041.jpg,1
1950,2870044.jpg,1
1951,2870045.jpg,1
1952,2870048.jpg,1
1953,2870051.jpg,1
1954,2870057.jpg,1
1955,2870063.jpg,1
1956,2870066.jpg,1
1957,2870076.jpg,1
1958,2870090.jpg,1
1959,2870091.jpg,1
1960,2870113.jpg,1
1961,2870114.jpg,5
1962,2870121.jpg,1
1963,2870135.jpg,1
1964,2870136.jpg,1
1965,2870138.jpg,1
1966,2870148.jpg,1
1967,2870428.jpg,3
1968,2870626.jpg,3
1969,2870659.jpg,3
1970,2870670.jpg,2
1971,2870910.jpg,2
1972,2871043.jpg,3
1973,2871199.jpg,3
1974,2871201.jpg,3
1975,2871348.jpg,3
1976,2871438.jpg,3
1977,2871444.jpg,3
1978,2871873.jpg,3
1979,2871978.jpg,3
1980,2872030.jpg,5
1981,2872041.jpg,1
1982,2872055.jpg,5
1983,2872056.jpg,5
1984,2872058.jpg,5
1985,2872082.jpg,5
1986,2872083.jpg,5
1987,2872085.jpg,1
1988,2872091.jpg,1
1989,2872094.jpg,1
1990,2872099.jpg,1
1991,2872100.jpg,1
1992,2872103.jpg,1
1993,2872108.jpg,1
1994,2872135.jpg,1
1995,2872140.jpg,1
1996,2872148.jpg,1
1997,2872151.jpg,1
1998,2872157.jpg,1
1999,2872163.jpg,3
2000,2872164.jpg,1
2001,2872179.jpg,1
2002,2872183.jpg,1
2003,2872232.jpg,3
2004,2872234.jpg,3
2005,2872291.jpg,3
2006,2872361.jpg,3
2007,2873049.jpg,3
2008,2873053.jpg,3
2009,2873204.jpg,2
2010,2873223.jpg,3
2011,2873516.jpg,3
2012,2873518.jpg,3
2013,2874038.jpg,1
2014,2874046.jpg,1
2015,2874049.jpg,1
2016,2874060.jpg,1
2017,2874062.jpg,1
2018,2874070.jpg,1
2019,2874074.jpg,1
2020,2874075.jpg,1
2021,2874083.jpg,1
2022,2874103.jpg,1
2023,2874109.jpg,1
2024,2874118.jpg,1
2025,2874121.jpg,1
2026,2874123.jpg,1
2027,2874124.jpg,1
2028,2874134.jpg,1
2029,2874137.jpg,1
2030,2874140.jpg,5
2031,2874168.jpg,1
2032,2874171.jpg,1
2033,2874172.jpg,1
2034,2874177.jpg,1
2035,2874182.jpg,5
2036,2874185.jpg,1
2037,2874360.jpg,2
2038,2874775.jpg,3
2039,2875056.jpg,3
2040,2875059.jpg,3
2041,2875069.jpg,3
2042,2875153.jpg,3
2043,2875213.jpg,3
2044,2875222.jpg,4
2045,2875348.jpg,2
2046,2875427.jpg,2
2047,2875467.jpg,3
2048,2875753.jpg,3
2049,2875832.jpg,2
2050,2875895.jpg,2
2051,2876011.jpg,3
2052,2876107.jpg,5
2053,2876125.jpg,1
2054,2876136.jpg,5
2055,2876159.jpg,1
2056,2876163.jpg,5
2057,2876166.jpg,1
2058,2876172.jpg,1
2059,2876174.jpg,2
2060,2876179.jpg,1
2061,2876180.jpg,5
2062,2876185.jpg,5
2063,2876188.jpg,5
2064,2876194.jpg,5
2065,2876219.jpg,1
2066,2876262.jpg,5
2067,2876430.jpg,3
2068,2876583.jpg,2
2069,2876586.jpg,2
2070,2876587.jpg,2
2071,2876630.jpg,3
2072,2876640.jpg,3
2073,2876683.jpg,2
2074,2876715.jpg,2
2075,2877055.jpg,2
2076,2877213.jpg,3
2077,2877287.jpg,2
2078,2877291.jpg,2
2079,2877350.jpg,2
2080,2877375.jpg,2
2081,2877380.jpg,2
2082,2877552.jpg,3
2083,2877553.jpg,3
2084,2877795.jpg,3
2085,2877805.jpg,3
2086,2877963.jpg,3
2087,2878108.jpg,3
2088,2878157.jpg,1
2089,2878171.jpg,5
2090,2878186.jpg,5
2091,2878192.jpg,1
2092,2878201.jpg,1
2093,2878224.jpg,1
2094,2878228.jpg,5
2095,2878233.jpg,5
2096,2878256.jpg,1
2097,2878257.jpg,1
2098,2878262.jpg,5
2099,2878268.jpg,5
2100,2878273.jpg,1
2101,2878275.jpg,1
2102,2878292.jpg,5
2103,2878305.jpg,1
2104,2878319.jpg,1
2105,2878416.jpg,2
2106,2878483.jpg,4
2107,2878493.jpg,2
2108,2878764.jpg,3
2109,2878875.jpg,3
2110,2878877.jpg,3
2111,2879743.jpg,3
2112,2879763.jpg,2
2113,2879765.jpg,2
2114,2879776.jpg,3
2115,2880185.jpg,5
2116,2880211.jpg,1
2117,2880213.jpg,1
2118,2880215.jpg,1
2119,2880217.jpg,1
2120,2880218.jpg,1
2121,2880219.jpg,5
2122,2880225.jpg,1
2123,2880239.jpg,1
2124,2880247.jpg,1
2125,2880249.jpg,5
2126,2880252.jpg,5
2127,2880254.jpg,5
2128,2880255.jpg,1
2129,2880269.jpg,1
2130,2880277.jpg,1
2131,2880290.jpg,1
2132,2880300.jpg,1
2133,2880304.jpg,3
2134,2880316.jpg,5
2135,2880330.jpg,1
2136,2880338.jpg,1
2137,2880357.jpg,1
2138,2880785.jpg,3
2139,2880816.jpg,3
2140,2880968.jpg,3
2141,2881205.jpg,3
2142,2881750.jpg,2
2143,2881863.jpg,2
2144,2882160.jpg,3
2145,2882182.jpg,3
2146,2882184.jpg,3
2147,2882187.jpg,3
2148,2882218.jpg,5
2149,2882224.jpg,5
2150,2882232.jpg,5
2151,2882248.jpg,1
2152,2882258.jpg,1
2153,2882262.jpg,2
2154,2882289.jpg,5
2155,2882291.jpg,5
2156,2882302.jpg,5
2157,2882306.jpg,1
2158,2882372.jpg,1
2159,2882374.jpg,5
2160,2882375.jpg,5
2161,2882835.jpg,3
2162,2883238.jpg,2
2163,2883245.jpg,3
2164,2883299.jpg,2
2165,2883336.jpg,3
2166,2883805.jpg,3
2167,2883860.jpg,2
2168,2884293.jpg,1
2169,2884294.jpg,1
2170,2884316.jpg,5
2171,2884333.jpg,5
2172,2884334.jpg,5
2173,2884340.jpg,1
2174,2884344.jpg,1
2175,2884345.jpg,1
2176,2884380.jpg,5
2177,2884405.jpg,5
2178,2884406.jpg,1
2179,2884424.jpg,5
2180,2884431.jpg,1
2181,2884434.jpg,1
2182,2884437.jpg,5
2183,2884445.jpg,1
2184,2884531.jpg,2
2185,2884533.jpg,2
2186,2884542.jpg,2
2187,2884543.jpg,2
2188,2884554.jpg,3
2189,2884556.jpg,3
2190,2884558.jpg,3
2191,2884624.jpg,3
2192,2884625.jpg,3
2193,2884674.jpg,2
2194,2884840.jpg,3
2195,2884841.jpg,3
2196,2885081.jpg,3
2197,2885110.jpg,3
2198,2885115.jpg,2
2199,2885158.jpg,2
2200,2885363.jpg,3
2201,2885396.jpg,3
2202,2885617.jpg,3
2203,2885795.jpg,3
2204,2886029.jpg,2
2205,2886162.jpg,2
2206,2886329.jpg,5
2207,2886330.jpg,5
2208,2886336.jpg,1
2209,2886349.jpg,5
2210,2886367.jpg,1
2211,2886371.jpg,1
2212,2886437.jpg,5
2213,2886438.jpg,5
2214,2886457.jpg,1
2215,2886458.jpg,1
2216,2886468.jpg,5
2217,2886481.jpg,1
2218,2886483.jpg,5
2219,2886708.jpg,3
2220,2886856.jpg,3
2221,2886861.jpg,3
2222,2887206.jpg,3
2223,2887207.jpg,3
2224,2887250.jpg,2
2225,2887262.jpg,2
2226,2887546.jpg,3
2227,2887695.jpg,2
2228,2887774.jpg,3
2229,2887924.jpg,3
2230,2887925.jpg,3
2231,2888360.jpg,5
2232,2888364.jpg,5
2233,2888391.jpg,5
2234,2888409.jpg,5
2235,2888412.jpg,1
2236,2888413.jpg,5
2237,2888414.jpg,5
2238,2888421.jpg,1
2239,2888425.jpg,5
2240,2888428.jpg,1
2241,2888429.jpg,5
2242,2888431.jpg,1
2243,2888433.jpg,1
2244,2888436.jpg,1
2245,2888437.jpg,5
2246,2888443.jpg,3
2247,2888444.jpg,3
2248,2888448.jpg,1
2249,2888449.jpg,1
2250,2888451.jpg,1
2251,2888455.jpg,5
2252,2888476.jpg,1
2253,2888486.jpg,1
2254,2888487.jpg,1
2255,2888491.jpg,1
2256,2888492.jpg,3
2257,2888498.jpg,1
2258,2888503.jpg,1
2259,2888505.jpg,5
2260,2888712.jpg,3
2261,2888772.jpg,3
2262,2889217.jpg,2
2263,2889233.jpg,2
2264,2889246.jpg,2
2265,2889733.jpg,3
2266,2890078.jpg,2
2267,2890286.jpg,3
2268,2890360.jpg,2
2269,2890361.jpg,5
2270,2890367.jpg,5
2271,2890371.jpg,1
2272,2890379.jpg,1
2273,2890382.jpg,1
2274,2890383.jpg,5
2275,2890387.jpg,5
2276,2890390.jpg,1
2277,2890406.jpg,3
2278,2890440.jpg,5
2279,2890453.jpg,1
2280,2890457.jpg,1
2281,2890463.jpg,1
2282,2890468.jpg,1
2283,2890471.jpg,1
2284,2890478.jpg,1
2285,2890491.jpg,5
2286,2890499.jpg,5
2287,2890526.jpg,5
2288,2890616.jpg,3
2289,2890617.jpg,3
2290,2890920.jpg,3
2291,2890985.jpg,2
2292,2891022.jpg,3
2293,2891027.jpg,3
2294,2891030.jpg,3
2295,2891213.jpg,3
2296,2891293.jpg,3
2297,2891313.jpg,3
2298,2891511.jpg,2
2299,2891600.jpg,2
2300,2891604.jpg,3
2301,2891605.jpg,3
2302,2891666.jpg,2
2303,2891770.jpg,3
2304,2891990.jpg,3
2305,2892016.jpg,3
2306,2892017.jpg,3
2307,2892047.jpg,3
2308,2892064.jpg,3
2309,2892302.jpg,2
2310,2892322.jpg,3
2311,2892383.jpg,1
2312,2892384.jpg,1
2313,2892386.jpg,1
2314,2892389.jpg,5
2315,2892391.jpg,5
2316,2892392.jpg,5
2317,2892394.jpg,5
2318,2892411.jpg,5
2319,2892414.jpg,5
2320,2892415.jpg,5
2321,2892422.jpg,3
2322,2892439.jpg,1
2323,2892441.jpg,1
2324,2892449.jpg,1
2325,2892460.jpg,1
2326,2892464.jpg,1
2327,2892472.jpg,3
2328,2892500.jpg,1
2329,2892502.jpg,1
2330,2892505.jpg,1
2331,2892508.jpg,1
2332,2892519.jpg,5
2333,2892520.jpg,1
2334,2892528.jpg,1
2335,2892530.jpg,1
2336,2892538.jpg,1
2337,2892539.jpg,1
2338,2892542.jpg,1
2339,2892543.jpg,5
2340,2892544.jpg,3
2341,2892556.jpg,2
2342,2892558.jpg,1
2343,2892733.jpg,3
2344,2892780.jpg,2
2345,2892915.jpg,3
2346,2892949.jpg,2
2347,2892963.jpg,3
2348,2893146.jpg,2
2349,2893265.jpg,3
2350,2893276.jpg,3
2351,2893535.jpg,3
2352,2893658.jpg,3
2353,2893704.jpg,3
2354,2893853.jpg,2
2355,2894009.jpg,2
2356,2894042.jpg,3
2357,2894045.jpg,3
2358,2894168.jpg,3
2359,2894326.jpg,3
2360,2894378.jpg,2
2361,2894444.jpg,1
2362,2894446.jpg,1
2363,2894452.jpg,1
2364,2894460.jpg,5
2365,2894463.jpg,5
2366,2894464.jpg,5
2367,2894477.jpg,1
2368,2894479.jpg,5
2369,2894480.jpg,5
2370,2894484.jpg,1
2371,2894485.jpg,1
2372,2894488.jpg,1
2373,2894505.jpg,5
2374,2894523.jpg,1
2375,2894535.jpg,1
2376,2894536.jpg,5
2377,2894541.jpg,1
2378,2894543.jpg,5
2379,2894546.jpg,1
2380,2894548.jpg,1
2381,2894556.jpg,1
2382,2894564.jpg,1
2383,2894568.jpg,5
2384,2894569.jpg,5
2385,2894580.jpg,3
2386,2894582.jpg,3
2387,2894583.jpg,5
2388,2894585.jpg,5
2389,2894642.jpg,3
2390,2894799.jpg,3
2391,2894800.jpg,3
2392,2894801.jpg,3
2393,2894847.jpg,3
2394,2895140.jpg,3
2395,2895517.jpg,3
2396,2895518.jpg,3
2397,2895780.jpg,3
2398,2895987.jpg,3
2399,2896396.jpg,2
2400,2896444.jpg,1
2401,2896448.jpg,1
2402,2896454.jpg,1
2403,2896465.jpg,1
2404,2896481.jpg,1
2405,2896487.jpg,5
2406,2896509.jpg,1
2407,2896512.jpg,5
2408,2896513.jpg,5
2409,2896521.jpg,5
2410,2896537.jpg,2
2411,2896538.jpg,2
2412,2896555.jpg,5
2413,2896564.jpg,5
2414,2896565.jpg,1
2415,2896572.jpg,1
2416,2896574.jpg,1
2417,2896578.jpg,5
2418,2896582.jpg,5
2419,2896583.jpg,5
2420,2896585.jpg,5
2421,2896587.jpg,5
2422,2896603.jpg,1
2423,2896604.jpg,5
2424,2896818.jpg,3
2425,2896819.jpg,3
2426,2896839.jpg,3
2427,2897109.jpg,3
2428,2897110.jpg,3
2429,2897179.jpg,2
2430,2897279.jpg,3
2431,2897300.jpg,3
2432,2897473.jpg,3
2433,2897944.jpg,3
2434,2898260.jpg,2
2435,2898508.jpg,3
2436,2898515.jpg,1
2437,2898518.jpg,1
2438,2898526.jpg,5
2439,2898531.jpg,1
2440,2898532.jpg,1
2441,2898540.jpg,5
2442,2898541.jpg,1
2443,2898544.jpg,5
2444,2898555.jpg,5
2445,2898556.jpg,1
2446,2898559.jpg,1
2447,2898562.jpg,1
2448,2898569.jpg,5
2449,2898578.jpg,1
2450,2898589.jpg,5
2451,2898590.jpg,1
2452,2898592.jpg,1
2453,2898613.jpg,5
2454,2898615.jpg,1
2455,2898629.jpg,5
2456,2898637.jpg,5
2457,2898641.jpg,1
2458,2898643.jpg,1
2459,2898644.jpg,1
2460,2898650.jpg,1
2461,2898696.jpg,3
2462,2898734.jpg,3
2463,2899416.jpg,3
2464,2899489.jpg,3
2465,2899632.jpg,3
2466,2899681.jpg,2
2467,2899682.jpg,2
2468,2899716.jpg,3
2469,2900108.jpg,3
2470,2900156.jpg,3
2471,2900285.jpg,3
2472,2900311.jpg,3
2473,2900408.jpg,3
2474,2900421.jpg,3
2475,2900528.jpg,3
2476,2900543.jpg,5
2477,2900545.jpg,1
2478,2900546.jpg,5
2479,2900551.jpg,1
2480,2900555.jpg,1
2481,2900561.jpg,5
2482,2900563.jpg,5
2483,2900564.jpg,5
2484,2900569.jpg,1
2485,2900575.jpg,1
2486,2900579.jpg,1
2487,2900593.jpg,1
2488,2900598.jpg,1
2489,2900599.jpg,1
2490,2900632.jpg,3
2491,2900648.jpg,5
2492,2900651.jpg,1
2493,2900658.jpg,5
2494,2900663.jpg,5
2495,2900704.jpg,1
2496,2900706.jpg,1
2497,2901520.jpg,3
2498,2901540.jpg,3
2499,2901733.jpg,3
2500,2901960.jpg,3
2501,2902019.jpg,3
2502,2902037.jpg,3
2503,2902383.jpg,3
2504,2902555.jpg,5
2505,2902557.jpg,5
2506,2902577.jpg,5
2507,2902579.jpg,2
2508,2902580.jpg,5
2509,2902584.jpg,1
2510,2902586.jpg,5
2511,2902591.jpg,1
2512,2902596.jpg,1
2513,2902604.jpg,1
2514,2902607.jpg,1
2515,2902611.jpg,5
2516,2902623.jpg,5
2517,2902627.jpg,1
2518,2902634.jpg,5
2519,2902636.jpg,5
2520,2902650.jpg,5
2521,2902672.jpg,5
2522,2902673.jpg,1
2523,2902677.jpg,4
2524,2902685.jpg,1
2525,2902687.jpg,5
2526,2902692.jpg,1
2527,2902696.jpg,1
2528,2902698.jpg,1
2529,2902700.jpg,1
2530,2902702.jpg,5
2531,2902707.jpg,1
2532,2902710.jpg,1
2533,2902797.jpg,2
2534,2902830.jpg,2
2535,2902876.jpg,2
2536,2903349.jpg,3
2537,2903449.jpg,3
2538,2903463.jpg,2
2539,2903479.jpg,2
2540,2903514.jpg,2
2541,2903561.jpg,3
2542,2903562.jpg,3
2543,2903623.jpg,2
2544,2903630.jpg,2
2545,2903670.jpg,2
2546,2903675.jpg,2
2547,2903735.jpg,3
2548,2903739.jpg,3
2549,2903808.jpg,3
2550,2904228.jpg,3
2551,2904589.jpg,5
2552,2904594.jpg,5
2553,2904595.jpg,5
2554,2904597.jpg,5
2555,2904598.jpg,5
2556,2904601.jpg,5
2557,2904608.jpg,1
2558,2904647.jpg,1
2559,2904651.jpg,1
2560,2904654.jpg,1
2561,2904663.jpg,1
2562,2904665.jpg,1
2563,2904712.jpg,5
2564,2904715.jpg,3
2565,2904716.jpg,1
2566,2904728.jpg,1
2567,2904729.jpg,5
2568,2904731.jpg,1
2569,2904735.jpg,1
2570,2904908.jpg,3
2571,2905375.jpg,2
2572,2905614.jpg,3
2573,2906025.jpg,2
2574,2907008.jpg,3
2575,2907009.jpg,3
2576,2907707.jpg,3
2577,2907709.jpg,3
2578,2908130.jpg,3
2579,2908394.jpg,3
2580,2908563.jpg,3
2581,2908758.jpg,3
2582,2908879.jpg,3
2583,2909310.jpg,3
2584,2909477.jpg,3
2585,2909479.jpg,3
2586,2909487.jpg,3
2587,2909518.jpg,3
2588,299795.jpg,2
2589,317095.jpg,2
2590,382937.jpg,2
2591,560394.jpg,4
2592,567270.jpg,4
2593,567497.jpg,4
2594,573909.jpg,2
2595,606852.jpg,4
2596,615653.jpg,4
2597,619771.jpg,2
2598,619972.jpg,2
2599,619974.jpg,2
2600,619975.jpg,2
2601,622359.jpg,2
2602,625354.jpg,4
2603,626289.jpg,2
2604,626655.jpg,4
2605,628613.jpg,4
2606,629724.jpg,4
2607,630578.jpg,2
2608,633466.jpg,4
2609,633663.jpg,2
2610,633665.jpg,2
2611,634629.jpg,2
2612,636292.jpg,4
2613,638399.jpg,4
2614,640040.jpg,2
2615,645701.jpg,4
2616,649484.jpg,4
2617,654191.jpg,4
2618,656741.jpg,4
2619,657560.jpg,4
2620,657719.jpg,4
2621,660920.jpg,4
2622,670162.jpg,2
2623,670840.jpg,4
2624,672057.jpg,4
2625,672451.jpg,4
2626,676133.jpg,4
2627,676917.jpg,4
2628,677230.jpg,4
2629,677562.jpg,4
2630,679013.jpg,4
2631,680883.jpg,4
2632,682064.jpg,4
2633,686160.jpg,4
2634,690988.jpg,2
2635,692458.jpg,4
2636,702094.jpg,4
2637,707735.jpg,4
2638,709324.jpg,4
2639,717899.jpg,4
2640,717942.jpg,4
2641,723692.jpg,4
2642,726222.jpg,4
2643,726231.jpg,4
2644,739520.jpg,2
2645,739608.jpg,2
2646,751934.jpg,2
2647,763524.jpg,4
2648,772783.jpg,4
2649,776579.jpg,4
2650,792101.jpg,4
2651,807046.jpg,4
2652,828391.jpg,2
2653,832478.jpg,4
2654,834991.jpg,2
2655,834998.jpg,2
2656,864096.jpg,4
2657,881579.jpg,2
2658,905067.jpg,4
2659,905069.jpg,4
2660,913261.jpg,2
2661,914029.jpg,4
2662,921004.jpg,4
2663,928066.jpg,4
2664,928647.jpg,4
2665,929534.jpg,4
2666,930293.jpg,4
2667,937491.jpg,4
2668,943560.jpg,4
2669,944853.jpg,4
2670,948344.jpg,4
2671,949995.jpg,2
2672,949997.jpg,2
2673,949999.jpg,2
2674,950580.jpg,4
2675,950995.jpg,4
2676,951046.jpg,4
2677,951323.jpg,4
2678,952113.jpg,4
2679,953982.jpg,4
